SK_ID_CURR,CODE_GENDER,FLAG_OWN_CAR,FLAG_OWN_REALTY,CNT_CHILDREN,AMT_INCOME_TOTAL,AMT_CREDIT,AMT_ANNUITY,AMT_GOODS_PRICE,REGION_POPULATION_RELATIVE,DAYS_BIRTH,DAYS_EMPLOYED,DAYS_REGISTRATION,DAYS_ID_PUBLISH,OWN_CAR_AGE,FLAG_MOBIL,FLAG_EMP_PHONE,FLAG_WORK_PHONE,FLAG_CONT_MOBILE,FLAG_PHONE,FLAG_EMAIL,CNT_FAM_MEMBERS,REGION_RATING_CLIENT,REGION_RATING_CLIENT_W_CITY,HOUR_APPR_PROCESS_START,REG_REGION_NOT_LIVE_REGION,REG_REGION_NOT_WORK_REGION,LIVE_REGION_NOT_WORK_REGION,REG_CITY_NOT_LIVE_CITY,REG_CITY_NOT_WORK_CITY,LIVE_CITY_NOT_WORK_CITY,EXT_SOURCE_1,EXT_SOURCE_2,EXT_SOURCE_3,APARTMENTS_AVG,BASEMENTAREA_AVG,YEARS_BEGINEXPLUATATION_AVG,YEARS_BUILD_AVG,COMMONAREA_AVG,ELEVATORS_AVG,ENTRANCES_AVG,FLOORSMAX_AVG,FLOORSMIN_AVG,LANDAREA_AVG,LIVINGAPARTMENTS_AVG,LIVINGAREA_AVG,NONLIVINGAPARTMENTS_AVG,NONLIVINGAREA_AVG,APARTMENTS_MODE,BASEMENTAREA_MODE,YEARS_BEGINEXPLUATATION_MODE,YEARS_BUILD_MODE,COMMONAREA_MODE,ELEVATORS_MODE,ENTRANCES_MODE,FLOORSMAX_MODE,FLOORSMIN_MODE,LANDAREA_MODE,LIVINGAPARTMENTS_MODE,LIVINGAREA_MODE,NONLIVINGAPARTMENTS_MODE,NONLIVINGAREA_MODE,APARTMENTS_MEDI,BASEMENTAREA_MEDI,YEARS_BEGINEXPLUATATION_MEDI,YEARS_BUILD_MEDI,COMMONAREA_MEDI,ELEVATORS_MEDI,ENTRANCES_MEDI,FLOORSMAX_MEDI,FLOORSMIN_MEDI,LANDAREA_MEDI,LIVINGAPARTMENTS_MEDI,LIVINGAREA_MEDI,NONLIVINGAPARTMENTS_MEDI,NONLIVINGAREA_MEDI,TOTALAREA_MODE,OBS_30_CNT_SOCIAL_CIRCLE,DEF_30_CNT_SOCIAL_CIRCLE,OBS_60_CNT_SOCIAL_CIRCLE,DEF_60_CNT_SOCIAL_CIRCLE,DAYS_LAST_PHONE_CHANGE,FLAG_DOCUMENT_2,FLAG_DOCUMENT_3,FLAG_DOCUMENT_4,FLAG_DOCUMENT_5,FLAG_DOCUMENT_6,FLAG_DOCUMENT_7,FLAG_DOCUMENT_8,FLAG_DOCUMENT_9,FLAG_DOCUMENT_10,FLAG_DOCUMENT_11,FLAG_DOCUMENT_12,FLAG_DOCUMENT_13,FLAG_DOCUMENT_14,FLAG_DOCUMENT_15,FLAG_DOCUMENT_16,FLAG_DOCUMENT_17,FLAG_DOCUMENT_18,FLAG_DOCUMENT_19,FLAG_DOCUMENT_20,FLAG_DOCUMENT_21,AMT_REQ_CREDIT_BUREAU_HOUR,AMT_REQ_CREDIT_BUREAU_DAY,AMT_REQ_CREDIT_BUREAU_WEEK,AMT_REQ_CREDIT_BUREAU_MON,AMT_REQ_CREDIT_BUREAU_QRT,AMT_REQ_CREDIT_BUREAU_YEAR,NAME_CONTRACT_TYPE_Cash loans,NAME_CONTRACT_TYPE_Revolving loans,NAME_CONTRACT_TYPE_nan,NAME_TYPE_SUITE_Children,NAME_TYPE_SUITE_Family,NAME_TYPE_SUITE_Group of people,NAME_TYPE_SUITE_Other_A,NAME_TYPE_SUITE_Other_B,""NAME_TYPE_SUITE_Spouse, partner"",NAME_TYPE_SUITE_Unaccompanied,NAME_TYPE_SUITE_nan,NAME_INCOME_TYPE_Businessman,NAME_INCOME_TYPE_Commercial associate,NAME_INCOME_TYPE_Maternity leave,NAME_INCOME_TYPE_Pensioner,NAME_INCOME_TYPE_State servant,NAME_INCOME_TYPE_Student,NAME_INCOME_TYPE_Unemployed,NAME_INCOME_TYPE_Working,NAME_INCOME_TYPE_nan,NAME_EDUCATION_TYPE_Academic degree,NAME_EDUCATION_TYPE_Higher education,NAME_EDUCATION_TYPE_Incomplete higher,NAME_EDUCATION_TYPE_Lower secondary,NAME_EDUCATION_TYPE_Secondary / secondary special,NAME_EDUCATION_TYPE_nan,NAME_FAMILY_STATUS_Civil marriage,NAME_FAMILY_STATUS_Married,NAME_FAMILY_STATUS_Separated,NAME_FAMILY_STATUS_Single / not married,NAME_FAMILY_STATUS_Unknown,NAME_FAMILY_STATUS_Widow,NAME_FAMILY_STATUS_nan,NAME_HOUSING_TYPE_Co-op apartment,NAME_HOUSING_TYPE_House / apartment,NAME_HOUSING_TYPE_Municipal apartment,NAME_HOUSING_TYPE_Office apartment,NAME_HOUSING_TYPE_Rented apartment,NAME_HOUSING_TYPE_With parents,NAME_HOUSING_TYPE_nan,OCCUPATION_TYPE_Accountants,OCCUPATION_TYPE_Cleaning staff,OCCUPATION_TYPE_Cooking staff,OCCUPATION_TYPE_Core staff,OCCUPATION_TYPE_Drivers,OCCUPATION_TYPE_HR staff,OCCUPATION_TYPE_High skill tech staff,OCCUPATION_TYPE_IT staff,OCCUPATION_TYPE_Laborers,OCCUPATION_TYPE_Low-skill Laborers,OCCUPATION_TYPE_Managers,OCCUPATION_TYPE_Medicine staff,OCCUPATION_TYPE_Private service staff,OCCUPATION_TYPE_Realty agents,OCCUPATION_TYPE_Sales staff,OCCUPATION_TYPE_Secretaries,OCCUPATION_TYPE_Security staff,OCCUPATION_TYPE_Waiters/barmen staff,OCCUPATION_TYPE_nan,WEEKDAY_APPR_PROCESS_START_FRIDAY,WEEKDAY_APPR_PROCESS_START_MONDAY,WEEKDAY_APPR_PROCESS_START_SATURDAY,WEEKDAY_APPR_PROCESS_START_SUNDAY,WEEKDAY_APPR_PROCESS_START_THURSDAY,WEEKDAY_APPR_PROCESS_START_TUESDAY,WEEKDAY_APPR_PROCESS_START_WEDNESDAY,WEEKDAY_APPR_PROCESS_START_nan,ORGANIZATION_TYPE_Advertising,ORGANIZATION_TYPE_Agriculture,ORGANIZATION_TYPE_Bank,ORGANIZATION_TYPE_Business Entity Type 1,ORGANIZATION_TYPE_Business Entity Type 2,ORGANIZATION_TYPE_Business Entity Type 3,ORGANIZATION_TYPE_Cleaning,ORGANIZATION_TYPE_Construction,ORGANIZATION_TYPE_Culture,ORGANIZATION_TYPE_Electricity,ORGANIZATION_TYPE_Emergency,ORGANIZATION_TYPE_Government,ORGANIZATION_TYPE_Hotel,ORGANIZATION_TYPE_Housing,ORGANIZATION_TYPE_Industry: type 1,ORGANIZATION_TYPE_Industry: type 10,ORGANIZATION_TYPE_Industry: type 11,ORGANIZATION_TYPE_Industry: type 12,ORGANIZATION_TYPE_Industry: type 13,ORGANIZATION_TYPE_Industry: type 2,ORGANIZATION_TYPE_Industry: type 3,ORGANIZATION_TYPE_Industry: type 4,ORGANIZATION_TYPE_Industry: type 5,ORGANIZATION_TYPE_Industry: type 6,ORGANIZATION_TYPE_Industry: type 7,ORGANIZATION_TYPE_Industry: type 8,ORGANIZATION_TYPE_Industry: type 9,ORGANIZATION_TYPE_Insurance,ORGANIZATION_TYPE_Kindergarten,ORGANIZATION_TYPE_Legal Services,ORGANIZATION_TYPE_Medicine,ORGANIZATION_TYPE_Military,ORGANIZATION_TYPE_Mobile,ORGANIZATION_TYPE_Other,ORGANIZATION_TYPE_Police,ORGANIZATION_TYPE_Postal,ORGANIZATION_TYPE_Realtor,ORGANIZATION_TYPE_Religion,ORGANIZATION_TYPE_Restaurant,ORGANIZATION_TYPE_School,ORGANIZATION_TYPE_Security,ORGANIZATION_TYPE_Security Ministries,ORGANIZATION_TYPE_Self-employed,ORGANIZATION_TYPE_Services,ORGANIZATION_TYPE_Telecom,ORGANIZATION_TYPE_Trade: type 1,ORGANIZATION_TYPE_Trade: type 2,ORGANIZATION_TYPE_Trade: type 3,ORGANIZATION_TYPE_Trade: type 4,ORGANIZATION_TYPE_Trade: type 5,ORGANIZATION_TYPE_Trade: type 6,ORGANIZATION_TYPE_Trade: type 7,ORGANIZATION_TYPE_Transport: type 1,ORGANIZATION_TYPE_Transport: type 2,ORGANIZATION_TYPE_Transport: type 3,ORGANIZATION_TYPE_Transport: type 4,ORGANIZATION_TYPE_University,ORGANIZATION_TYPE_XNA,ORGANIZATION_TYPE_nan,FONDKAPREMONT_MODE_not specified,FONDKAPREMONT_MODE_org spec account,FONDKAPREMONT_MODE_reg oper account,FONDKAPREMONT_MODE_reg oper spec account,FONDKAPREMONT_MODE_nan,HOUSETYPE_MODE_block of flats,HOUSETYPE_MODE_specific housing,HOUSETYPE_MODE_terraced house,HOUSETYPE_MODE_nan,WALLSMATERIAL_MODE_Block,WALLSMATERIAL_MODE_Mixed,WALLSMATERIAL_MODE_Monolithic,WALLSMATERIAL_MODE_Others,WALLSMATERIAL_MODE_Panel,""WALLSMATERIAL_MODE_Stone, brick"",WALLSMATERIAL_MODE_Wooden,WALLSMATERIAL_MODE_nan,EMERGENCYSTATE_MODE_No,EMERGENCYSTATE_MODE_Yes,EMERGENCYSTATE_MODE_nan,DAYS_EMPLOYED_PERC,INCOME_CREDIT_PERC,INCOME_PER_PERSON,ANNUITY_INCOME_PERC,PAYMENT_RATE"
102700,1.0,0.0,1.0,0.0,0.000780940436941945,0.033280898876404494,0.03946998946998947,0.02918069584736251,0.25632113877426677,0.8686583990980833,0.881029477445288,0.8952253566796369,0.6523551479783243,0.09890109890109891,1.0,1.0,1.0,1.0,1.0,0.0,0.0,0.5,0.5,0.43478260869565216,0.0,0.0,0.0,1.0,1.0,0.0,0.15853600310268431,0.4865101383444728,0.5428648894822405,0.0876,0.0763,0.9816,0.7552,0.0211,0.0,0.1379,0.1667,0.2083,0.0481,0.0756,0.0745,0.0,0.0036,0.084,0.0746,0.9816,0.7648,0.019,0.0,0.1379,0.1667,0.2083,0.0458,0.0771,0.0731,0.0,0.0011,0.0864,0.0758,0.9816,0.7585,0.0208,0.0,0.1379,0.1667,0.2083,0.0487,0.0761,0.0749,0.0,0.0031,0.0688,0.0028735632183908046,0.029411764705882353,0.0029069767441860465,0.041666666666666664,0.6570363466915191,0.0,1.0,0.0,0.0,0.0,0.0,0.0,0.0,0.0,0.0,0.0,0.0,0.0,0.0,0.0,0.0,0.0,0.0,0.0,0.0,0.0,0.0,0.0,0.0,0.0,0.0,1.0,0.0,0.0,0.0,0.0,0.0,0.0,0.0,0.0,1.0,0.0,0.0,1.0,0.0,0.0,0.0,0.0,0.0,0.0,0.0,0.0,0.0,0.0,0.0,1.0,0.0,0.0,0.0,0.0,1.0,0.0,0.0,0.0,0.0,0.0,1.0,0.0,0.0,0.0,0.0,0.0,0.0,0.0,0.0,0.0,0.0,0.0,0.0,0.0,0.0,0.0,0.0,0.0,0.0,0.0,0.0,0.0,0.0,1.0,1.0,0.0,0.0,0.0,0.0,0.0,0.0,0.0,0.0,0.0,0.0,0.0,0.0,1.0,0.0,0.0,0.0,0.0,0.0,0.0,0.0,0.0,0.0,0.0,0.0,0.0,0.0,0.0,0.0,0.0,0.0,0.0,0.0,0.0,0.0,0.0,0.0,0.0,0.0,0.0,0.0,0.0,0.0,0.0,0.0,0.0,0.0,0.0,0.0,0.0,0.0,0.0,0.0,0.0,0.0,0.0,0.0,0.0,0.0,0.0,0.0,0.0,0.0,0.0,0.0,0.0,0.0,0.0,0.0,0.0,0.0,1.0,0.0,0.0,0.0,1.0,0.0,0.0,0.0,0.0,0.0,0.0,0.0,1.0,0.0,0.0,1.0,0.29778373895785265,0.003098361711091936,0.002928095776137702,0.053356943317958566,0.42745256393614095
126076,1.0,0.0,0.0,0.0,0.000311606775331515,0.1396134831460674,0.08764478764478764,0.12457912457912458,0.10770168102135201,0.11009019165727163,0.9079946404644931,0.9688715953307393,0.393497290537724,0.09890109890109891,1.0,0.0,0.0,1.0,0.0,0.0,0.05263157894736842,1.0,1.0,0.43478260869565216,0.0,0.0,0.0,0.0,0.0,0.0,0.518317717228388,0.11503048181716843,0.46128159349221665,0.0876,0.0763,0.9816,0.7552,0.0211,0.0,0.1379,0.1667,0.2083,0.0481,0.0756,0.0745,0.0,0.0036,0.084,0.0746,0.9816,0.7648,0.019,0.0,0.1379,0.1667,0.2083,0.0458,0.0771,0.0731,0.0,0.0011,0.0864,0.0758,0.9816,0.7585,0.0208,0.0,0.1379,0.1667,0.2083,0.0487,0.0761,0.0749,0.0,0.0031,0.0688,0.0,0.0,0.0,0.0,0.7527958993476235,0.0,0.0,0.0,0.0,1.0,0.0,0.0,0.0,0.0,0.0,0.0,0.0,0.0,0.0,0.0,0.0,0.0,0.0,0.0,0.0,0.0,0.0,0.0,0.0,0.0,0.0,1.0,0.0,0.0,0.0,0.0,0.0,0.0,0.0,0.0,1.0,0.0,0.0,0.0,0.0,1.0,0.0,0.0,0.0,0.0,0.0,0.0,0.0,0.0,0.0,1.0,0.0,0.0,1.0,0.0,0.0,0.0,0.0,0.0,0.0,1.0,0.0,0.0,0.0,0.0,0.0,0.0,0.0,0.0,0.0,0.0,0.0,0.0,0.0,0.0,0.0,0.0,0.0,0.0,0.0,0.0,0.0,0.0,0.0,1.0,0.0,0.0,0.0,0.0,0.0,1.0,0.0,0.0,0.0,0.0,0.0,0.0,0.0,0.0,0.0,0.0,0.0,0.0,0.0,0.0,0.0,0.0,0.0,0.0,0.0,0.0,0.0,0.0,0.0,0.0,0.0,0.0,0.0,0.0,0.0,0.0,0.0,0.0,0.0,0.0,0.0,0.0,0.0,0.0,0.0,0.0,0.0,0.0,0.0,0.0,0.0,0.0,0.0,0.0,0.0,0.0,0.0,0.0,0.0,0.0,0.0,0.0,0.0,0.0,0.0,1.0,0.0,0.0,0.0,0.0,0.0,1.0,0.0,0.0,0.0,1.0,0.0,0.0,0.0,0.0,0.0,0.0,0.0,1.0,0.0,0.0,1.0,0.16291281017324333,0.00043745753175588323,0.0007240906796163186,0.20667813967463353,0.17389146588168158
127225,1.0,0.0,0.0,0.0,0.000934820325994545,0.18399999999999997,0.09159354159354159,0.15824915824915822,0.13827577612229638,0.1465614430665163,0.42764627065654315,0.5850761997405967,0.39488675837154363,0.09890109890109891,1.0,1.0,0.0,1.0,0.0,0.0,0.0,0.5,0.5,0.5652173913043478,0.0,0.0,0.0,0.0,0.0,0.0,0.8962314727593872,0.7203243548773505,0.5750734760201279,0.0266,0.0148,0.9697,0.5784,0.0106,0.0,0.0917,0.06,0.1417,0.043,0.0174,0.0234,0.0013,0.0011,0.0168,0.0,0.9638,0.523,0.0012,0.0,0.069,0.0,0.0833,0.0194,0.0147,0.0077,0.0,0.0,0.0167,0.0097,0.9732,0.5907,0.0146,0.0,0.069,0.0417,0.1667,0.0474,0.0137,0.011000000000000001,0.0,0.0004,0.0059,0.0,0.0,0.0,0.0,0.609273066169618,0.0,0.0,0.0,0.0,1.0,0.0,0.0,0.0,0.0,0.0,0.0,0.0,0.0,0.0,0.0,0.0,0.0,0.0,0.0,0.0,0.0,0.0,0.0,0.0,0.007662835249042145,0.16,1.0,0.0,0.0,0.0,0.0,0.0,0.0,0.0,0.0,1.0,0.0,0.0,1.0,0.0,0.0,0.0,0.0,0.0,0.0,0.0,0.0,0.0,0.0,0.0,1.0,0.0,0.0,0.0,0.0,0.0,0.0,1.0,0.0,0.0,1.0,0.0,0.0,0.0,0.0,0.0,0.0,0.0,1.0,0.0,0.0,0.0,0.0,0.0,0.0,0.0,0.0,0.0,0.0,0.0,0.0,0.0,0.0,0.0,0.0,1.0,0.0,0.0,0.0,0.0,0.0,0.0,0.0,0.0,0.0,0.0,0.0,0.0,0.0,0.0,0.0,0.0,0.0,0.0,0.0,0.0,0.0,0.0,0.0,0.0,0.0,0.0,0.0,0.0,0.0,0.0,0.0,0.0,0.0,0.0,0.0,0.0,0.0,0.0,0.0,0.0,0.0,0.0,0.0,0.0,0.0,0.0,1.0,0.0,0.0,0.0,0.0,0.0,0.0,0.0,0.0,0.0,0.0,0.0,0.0,0.0,0.0,0.0,0.0,0.0,0.0,0.0,0.0,0.0,1.0,0.0,0.0,1.0,0.0,0.0,0.0,0.0,0.0,0.0,0.0,0.0,1.0,0.0,0.0,1.0,0.0,0.0,0.6216243583929533,0.0007733521356943845,0.0033896675241002956,0.09900591071950701,0.0979822518413811
129146,0.0,0.0,1.0,0.0,0.0017042197712575451,0.09233258426966291,0.05365040365040365,0.06846240179573512,0.42184773879088316,0.7779030439684328,0.909781152300134,0.8672178988326849,0.5450882312074474,0.09890109890109891,1.0,1.0,0.0,1.0,0.0,0.0,0.05263157894736842,0.5,0.5,0.6956521739130435,0.0,0.0,0.0,0.0,0.0,0.0,0.302664013491465,0.7420231791343216,0.5730615893663612,0.0876,0.0763,0.9816,0.7552,0.0211,0.0,0.1379,0.1667,0.2083,0.0481,0.0756,0.0745,0.0,0.0036,0.084,0.0746,0.9816,0.7648,0.019,0.0,0.1379,0.1667,0.2083,0.0458,0.0771,0.0731,0.0,0.0011,0.0864,0.0758,0.9816,0.7585,0.0208,0.0,0.1379,0.1667,0.2083,0.0487,0.0761,0.0749,0.0,0.0031,0.0688,0.0028735632183908046,0.0,0.0029069767441860465,0.0,0.9988350419384903,0.0,1.0,0.0,0.0,0.0,0.0,0.0,0.0,0.0,0.0,0.0,0.0,0.0,0.0,0.0,0.0,0.0,0.0,0.0,0.0,0.0,0.0,0.0,0.0,0.0,0.0,1.0,0.0,0.0,0.0,0.0,0.0,0.0,0.0,0.0,1.0,0.0,0.0,0.0,0.0,0.0,0.0,0.0,0.0,1.0,0.0,0.0,0.0,0.0,1.0,0.0,0.0,0.0,1.0,0.0,0.0,0.0,0.0,0.0,0.0,1.0,0.0,0.0,0.0,0.0,0.0,0.0,0.0,0.0,0.0,0.0,0.0,0.0,0.0,1.0,0.0,0.0,0.0,0.0,0.0,0.0,0.0,0.0,0.0,0.0,0.0,0.0,0.0,0.0,0.0,1.0,0.0,0.0,0.0,0.0,0.0,0.0,1.0,0.0,0.0,0.0,0.0,0.0,0.0,0.0,0.0,0.0,0.0,0.0,0.0,0.0,0.0,0.0,0.0,0.0,0.0,0.0,0.0,0.0,0.0,0.0,0.0,0.0,0.0,0.0,0.0,0.0,0.0,0.0,0.0,0.0,0.0,0.0,0.0,0.0,0.0,0.0,0.0,0.0,0.0,0.0,0.0,0.0,0.0,0.0,0.0,0.0,0.0,0.0,0.0,0.0,0.0,0.0,0.0,0.0,0.0,1.0,0.0,0.0,0.0,1.0,0.0,0.0,0.0,0.0,0.0,0.0,0.0,1.0,0.0,0.0,1.0,0.19400722897187914,0.0025512544401004,0.0028127028391470538,0.036303580494463424,0.1464184991040785
103110,1.0,0.0,1.0,0.0,0.002088919493889045,0.15730337078651685,0.20168480168480166,0.15824915824915822,0.4468553546207316,0.5949267192784666,0.8854399285395266,0.6425907911802853,0.33694594970126435,0.09890109890109891,1.0,1.0,0.0,1.0,1.0,0.0,0.0,0.0,0.0,0.3913043478260869,0.0,0.0,0.0,0.0,0.0,0.0,0.7454077832222468,0.9138736549493534,0.4476695469963978,0.0515,0.0,0.9071,0.0,0.0134,0.0,0.1724,0.1667,0.2083,0.0305,0.0403,0.0852,0.0077,0.0244,0.0525,0.0,0.9071,0.0,0.0135,0.0,0.1724,0.1667,0.2083,0.0312,0.0441,0.0888,0.0078,0.0258,0.052000000000000005,0.0,0.9071,0.0,0.0134,0.0,0.1724,0.1667,0.2083,0.031,0.040999999999999995,0.0867,0.0078,0.0249,0.0796,0.0,0.0,0.0,0.0,0.8685927306616962,0.0,1.0,0.0,0.0,0.0,0.0,0.0,0.0,0.0,0.0,0.0,0.0,0.0,0.0,0.0,0.0,0.0,0.0,0.0,0.0,0.0,0.0,0.0,0.0,0.0038314176245210726,0.04,1.0,0.0,0.0,0.0,0.0,0.0,0.0,0.0,0.0,1.0,0.0,0.0,1.0,0.0,0.0,0.0,0.0,0.0,0.0,0.0,0.0,0.0,0.0,0.0,1.0,0.0,0.0,0.0,0.0,1.0,0.0,0.0,0.0,0.0,1.0,0.0,0.0,0.0,0.0,0.0,0.0,0.0,0.0,0.0,0.0,0.0,0.0,0.0,0.0,0.0,1.0,0.0,0.0,0.0,0.0,0.0,0.0,0.0,0.0,0.0,0.0,0.0,0.0,0.0,1.0,0.0,0.0,0.0,0.0,0.0,0.0,0.0,0.0,0.0,0.0,0.0,0.0,0.0,0.0,0.0,0.0,0.0,0.0,0.0,0.0,0.0,0.0,0.0,0.0,0.0,0.0,0.0,0.0,0.0,0.0,0.0,0.0,0.0,0.0,0.0,0.0,0.0,0.0,0.0,0.0,0.0,0.0,0.0,0.0,1.0,0.0,0.0,0.0,0.0,0.0,0.0,0.0,0.0,0.0,0.0,0.0,0.0,0.0,0.0,0.0,0.0,1.0,0.0,0.0,0.0,0.0,1.0,0.0,0.0,0.0,0.0,0.0,0.0,0.0,0.0,1.0,0.0,0.0,1.0,0.0,0.0,0.19185982121186068,0.0018664162127945908,0.006851455633819747,0.10518124791290986,0.5562305325234098
109912,0.0,1.0,1.0,0.0,0.002281269355204795,0.2134831460674157,0.17292032292032292,0.21436588103254767,0.28279653272037436,0.5555806087936864,0.8886779812416257,0.8015564202334631,0.409337223843268,0.1208791208791209,1.0,1.0,1.0,1.0,0.0,1.0,0.05263157894736842,1.0,1.0,0.5217391304347826,0.0,0.0,0.0,1.0,1.0,0.0,0.5541546080549469,0.6548956969519288,0.5971631093494882,0.0876,0.0763,0.9816,0.7552,0.0211,0.0,0.1379,0.1667,0.2083,0.0481,0.0756,0.0745,0.0,0.0036,0.084,0.0746,0.9816,0.7648,0.019,0.0,0.1379,0.1667,0.2083,0.0458,0.0771,0.0731,0.0,0.0011,0.0864,0.0758,0.9816,0.7585,0.0208,0.0,0.1379,0.1667,0.2083,0.0487,0.0761,0.0749,0.0,0.0031,0.0688,0.005747126436781609,0.0,0.0029069767441860465,0.0,0.8410997204100652,0.0,0.0,0.0,0.0,0.0,0.0,1.0,0.0,0.0,0.0,0.0,0.0,0.0,0.0,0.0,0.0,0.0,0.0,0.0,0.0,0.0,0.0,0.0,0.0,0.0,0.04,1.0,0.0,0.0,0.0,0.0,0.0,0.0,0.0,0.0,1.0,0.0,0.0,0.0,0.0,0.0,0.0,0.0,0.0,1.0,0.0,0.0,0.0,0.0,0.0,1.0,0.0,1.0,0.0,0.0,0.0,0.0,0.0,0.0,0.0,1.0,0.0,0.0,0.0,0.0,0.0,0.0,0.0,0.0,0.0,1.0,0.0,0.0,0.0,0.0,0.0,0.0,0.0,0.0,0.0,0.0,0.0,0.0,0.0,0.0,1.0,0.0,0.0,0.0,0.0,0.0,0.0,0.0,0.0,0.0,0.0,0.0,0.0,1.0,0.0,0.0,0.0,0.0,0.0,0.0,0.0,0.0,0.0,0.0,0.0,0.0,0.0,0.0,0.0,0.0,0.0,0.0,0.0,0.0,0.0,0.0,0.0,0.0,0.0,0.0,0.0,0.0,0.0,0.0,0.0,0.0,0.0,0.0,0.0,0.0,0.0,0.0,0.0,0.0,0.0,0.0,0.0,0.0,0.0,0.0,0.0,0.0,0.0,0.0,0.0,0.0,0.0,0.0,0.0,0.0,0.0,1.0,0.0,0.0,0.0,1.0,0.0,0.0,0.0,0.0,0.0,0.0,0.0,1.0,0.0,0.0,1.0,0.17797185032359103,0.001505824600482676,0.003678149866576917,0.08363830900877432,0.28319920158428513
106021,1.0,0.0,1.0,0.05263157894736842,0.001396459993152345,0.12359550561797752,0.1906107406107406,0.12457912457912458,0.309271926666482,0.751803833145434,0.9556721750781599,0.8748784046692607,0.5411977212727526,0.09890109890109891,1.0,1.0,0.0,1.0,0.0,0.0,0.05263157894736842,0.5,0.5,0.7391304347826086,0.0,0.0,0.0,0.0,0.0,0.0,0.5890541788772126,0.6074404435832549,0.5609837523327528,0.0876,0.0763,0.9816,0.7552,0.0211,0.0,0.1379,0.1667,0.2083,0.0481,0.0756,0.0745,0.0,0.0036,0.084,0.0746,0.9816,0.7648,0.019,0.0,0.1379,0.1667,0.2083,0.0458,0.0771,0.0731,0.0,0.0011,0.0864,0.0758,0.9816,0.7585,0.0208,0.0,0.1379,0.1667,0.2083,0.0487,0.0761,0.0749,0.0,0.0031,0.0688,0.034482758620689655,0.0,0.03488372093023256,0.0,0.6989748369058715,0.0,1.0,0.0,0.0,0.0,0.0,0.0,0.0,0.0,0.0,0.0,0.0,0.0,0.0,1.0,0.0,0.0,0.0,0.0,0.0,0.0,0.0,0.0,0.0,0.0,0.0,1.0,0.0,0.0,0.0,0.0,0.0,0.0,0.0,0.0,1.0,0.0,0.0,1.0,0.0,0.0,0.0,0.0,0.0,0.0,0.0,0.0,1.0,0.0,0.0,0.0,0.0,0.0,0.0,0.0,1.0,0.0,0.0,0.0,0.0,1.0,0.0,0.0,0.0,0.0,0.0,0.0,0.0,0.0,1.0,0.0,0.0,0.0,0.0,0.0,0.0,0.0,0.0,0.0,0.0,0.0,0.0,0.0,0.0,0.0,0.0,0.0,1.0,0.0,0.0,0.0,0.0,0.0,0.0,0.0,0.0,0.0,0.0,0.0,0.0,0.0,0.0,0.0,0.0,0.0,0.0,0.0,0.0,0.0,0.0,0.0,0.0,0.0,0.0,0.0,0.0,0.0,0.0,0.0,0.0,0.0,0.0,0.0,0.0,0.0,0.0,0.0,0.0,0.0,0.0,0.0,0.0,0.0,0.0,1.0,0.0,0.0,0.0,0.0,0.0,0.0,0.0,0.0,0.0,0.0,0.0,0.0,0.0,0.0,0.0,0.0,0.0,0.0,0.0,0.0,0.0,1.0,0.0,0.0,0.0,1.0,0.0,0.0,0.0,0.0,0.0,0.0,0.0,1.0,0.0,0.0,1.0,0.0916115836784447,0.0016260218045866474,0.0023511310911844604,0.14230054607255627,0.6978264565362097
109085,1.0,0.0,1.0,0.0,0.001319520048626045,0.06092247191011235,0.0985082485082485,0.058361391694725026,0.42184773879088316,0.07683201803833128,0.9079946404644931,0.5758349546044099,0.28859246908434066,0.09890109890109891,1.0,0.0,0.0,1.0,0.0,0.0,0.0,0.5,0.5,0.6086956521739131,0.0,0.0,0.0,0.0,0.0,0.0,0.8708191203500119,0.8551881764094108,0.5368303587424124,0.1485,0.115,0.9856,0.8028,0.0289,0.16,0.1379,0.3333,0.375,0.063,0.121,0.15,0.0,0.0,0.1513,0.1193,0.9856,0.8105,0.0292,0.1611,0.1379,0.3333,0.375,0.0644,0.1322,0.1562,0.0,0.0,0.1499,0.115,0.9856,0.8054,0.0291,0.16,0.1379,0.3333,0.375,0.0641,0.1231,0.1526,0.0,0.0,0.1337,0.0,0.0,0.0,0.0,0.5372786579683131,0.0,0.0,0.0,0.0,1.0,0.0,0.0,0.0,0.0,0.0,0.0,0.0,0.0,0.0,0.0,0.0,0.0,0.0,0.0,0.0,0.0,0.0,0.0,0.0,0.0038314176245210726,0.08,1.0,0.0,0.0,0.0,0.0,0.0,0.0,0.0,0.0,1.0,0.0,0.0,0.0,0.0,1.0,0.0,0.0,0.0,0.0,0.0,0.0,1.0,0.0,0.0,0.0,0.0,0.0,0.0,0.0,0.0,0.0,1.0,0.0,0.0,1.0,0.0,0.0,0.0,0.0,0.0,0.0,0.0,0.0,0.0,0.0,0.0,0.0,0.0,0.0,0.0,0.0,0.0,0.0,0.0,0.0,0.0,0.0,0.0,1.0,0.0,0.0,0.0,0.0,0.0,0.0,1.0,0.0,0.0,0.0,0.0,0.0,0.0,0.0,0.0,0.0,0.0,0.0,0.0,0.0,0.0,0.0,0.0,0.0,0.0,0.0,0.0,0.0,0.0,0.0,0.0,0.0,0.0,0.0,0.0,0.0,0.0,0.0,0.0,0.0,0.0,0.0,0.0,0.0,0.0,0.0,0.0,0.0,0.0,0.0,0.0,0.0,0.0,0.0,0.0,0.0,0.0,0.0,0.0,0.0,0.0,0.0,0.0,0.0,0.0,1.0,0.0,0.0,0.0,1.0,0.0,0.0,1.0,0.0,0.0,0.0,0.0,0.0,0.0,0.0,0.0,1.0,0.0,0.0,1.0,0.0,0.0,0.16291281017324333,0.0029378503581703407,0.00454359689400678,0.07947585150929191,0.6928574664943997
113173,1.0,0.0,0.0,0.0,0.001204110131836595,0.1306011235955056,0.09127764127764128,0.10437710437710437,0.2569996399789526,0.15868094701240132,0.9079946404644931,0.7437175745784695,0.36640266777824093,0.09890109890109891,1.0,0.0,0.0,1.0,1.0,0.0,0.05263157894736842,0.5,0.5,0.4782608695652174,0.0,0.0,0.0,0.0,0.0,0.0,0.518317717228388,0.7294071172836645,0.7025789306795603,0.0876,0.0763,0.9816,0.7552,0.0211,0.0,0.1379,0.1667,0.2083,0.0481,0.0756,0.0745,0.0,0.0036,0.084,0.0746,0.9816,0.7648,0.019,0.0,0.1379,0.1667,0.2083,0.0458,0.0771,0.0731,0.0,0.0011,0.0864,0.0758,0.9816,0.7585,0.0208,0.0,0.1379,0.1667,0.2083,0.0487,0.0761,0.0749,0.0,0.0031,0.0688,0.014367816091954023,0.0,0.014534883720930232,0.0,0.2751630941286114,0.0,1.0,0.0,0.0,0.0,0.0,0.0,0.0,0.0,0.0,0.0,0.0,0.0,0.0,0.0,0.0,0.0,0.0,0.0,0.0,0.0,0.0,0.0,0.0,0.0,0.04,1.0,0.0,0.0,0.0,0.0,0.0,0.0,0.0,0.0,1.0,0.0,0.0,0.0,0.0,1.0,0.0,0.0,0.0,0.0,0.0,0.0,0.0,0.0,0.0,1.0,0.0,0.0,1.0,0.0,0.0,0.0,0.0,0.0,0.0,1.0,0.0,0.0,0.0,0.0,0.0,0.0,0.0,0.0,0.0,0.0,0.0,0.0,0.0,0.0,0.0,0.0,0.0,0.0,0.0,0.0,0.0,0.0,0.0,1.0,1.0,0.0,0.0,0.0,0.0,0.0,0.0,0.0,0.0,0.0,0.0,0.0,0.0,0.0,0.0,0.0,0.0,0.0,0.0,0.0,0.0,0.0,0.0,0.0,0.0,0.0,0.0,0.0,0.0,0.0,0.0,0.0,0.0,0.0,0.0,0.0,0.0,0.0,0.0,0.0,0.0,0.0,0.0,0.0,0.0,0.0,0.0,0.0,0.0,0.0,0.0,0.0,0.0,0.0,0.0,0.0,0.0,0.0,0.0,0.0,0.0,0.0,0.0,0.0,0.0,1.0,0.0,0.0,0.0,0.0,0.0,1.0,0.0,0.0,0.0,1.0,0.0,0.0,0.0,0.0,0.0,0.0,0.0,1.0,0.0,0.0,1.0,0.16291281017324333,0.0013524728303161994,0.0020626487487078395,0.07999312455283031,0.21466296752575664
122209,0.0,0.0,0.0,0.0,0.001127170187310295,0.1292134831460674,0.09973674973674974,0.13019079685746351,0.26861724223877703,0.7522547914317924,0.9708575256811076,0.8334549286640727,0.4279560928164512,0.09890109890109891,1.0,1.0,0.0,1.0,0.0,0.0,0.05263157894736842,0.5,0.5,0.5652173913043478,0.0,0.0,0.0,1.0,1.0,0.0,0.3131245803783645,0.3012397626158569,0.04292597552392257,0.0876,0.0763,0.9816,0.7552,0.0211,0.0,0.1379,0.1667,0.2083,0.0481,0.0756,0.0745,0.0,0.0036,0.084,0.0746,0.9816,0.7648,0.019,0.0,0.1379,0.1667,0.2083,0.0458,0.0771,0.0731,0.0,0.0011,0.0864,0.0758,0.9816,0.7585,0.0208,0.0,0.1379,0.1667,0.2083,0.0487,0.0761,0.0749,0.0,0.0031,0.0688,0.0,0.0,0.0,0.0,0.45456663560111843,0.0,1.0,0.0,0.0,0.0,0.0,0.0,0.0,0.0,0.0,0.0,0.0,0.0,0.0,0.0,0.0,0.0,0.0,0.0,0.0,0.0,0.0,0.0,0.0,0.0038314176245210726,0.04,1.0,0.0,0.0,0.0,0.0,0.0,0.0,0.0,0.0,1.0,0.0,0.0,1.0,0.0,0.0,0.0,0.0,0.0,0.0,0.0,0.0,0.0,0.0,0.0,1.0,0.0,0.0,1.0,0.0,0.0,0.0,0.0,0.0,0.0,1.0,0.0,0.0,0.0,0.0,0.0,0.0,0.0,0.0,0.0,0.0,0.0,0.0,0.0,0.0,0.0,0.0,0.0,0.0,0.0,0.0,0.0,0.0,0.0,1.0,0.0,0.0,0.0,0.0,0.0,1.0,0.0,0.0,0.0,0.0,0.0,0.0,0.0,1.0,0.0,0.0,0.0,0.0,0.0,0.0,0.0,0.0,0.0,0.0,0.0,0.0,0.0,0.0,0.0,0.0,0.0,0.0,0.0,0.0,0.0,0.0,0.0,0.0,0.0,0.0,0.0,0.0,0.0,0.0,0.0,0.0,0.0,0.0,0.0,0.0,0.0,0.0,0.0,0.0,0.0,0.0,0.0,0.0,0.0,0.0,0.0,0.0,0.0,0.0,0.0,0.0,0.0,0.0,0.0,0.0,0.0,1.0,0.0,0.0,0.0,1.0,0.0,0.0,0.0,0.0,0.0,0.0,0.0,1.0,0.0,0.0,1.0,0.060268814484636286,0.001289469633095527,0.001947255811717191,0.0919128409894484,0.25658646260009466
112557,1.0,0.0,0.0,0.0,0.002088919493889045,0.2579775280898876,0.11470691470691471,0.21436588103254767,0.07917693649782602,0.2231116121758736,0.20528137561411353,0.38711900129701693,0.4080867027928303,0.09890109890109891,1.0,1.0,0.0,1.0,1.0,0.0,0.05263157894736842,0.5,0.5,0.6521739130434783,0.0,0.0,0.0,0.0,0.0,0.0,0.518317717228388,0.8695025105552554,0.30330741763543945,0.0407,0.0649,0.9667,0.5444,0.0153,0.0,0.1034,0.1042,0.1458,0.0479,0.0298,0.0308,0.0154,0.0413,0.0084,0.0,0.9618,0.4969,0.0146,0.0,0.069,0.0417,0.0833,0.0336,0.0073,0.0104,0.0,0.0,0.0411,0.0649,0.9667,0.5505,0.0154,0.0,0.1034,0.1042,0.1458,0.0487,0.0304,0.0314,0.0155,0.0421,0.0166,0.0,0.0,0.0,0.0,0.386067101584343,0.0,0.0,0.0,0.0,1.0,0.0,0.0,0.0,0.0,0.0,0.0,0.0,0.0,0.0,0.0,0.0,0.0,0.0,0.0,0.0,0.0,0.0,0.0,0.0,0.0,0.04,1.0,0.0,0.0,0.0,1.0,0.0,0.0,0.0,0.0,0.0,0.0,0.0,1.0,0.0,0.0,0.0,0.0,0.0,0.0,0.0,0.0,1.0,0.0,0.0,0.0,0.0,0.0,1.0,0.0,0.0,0.0,0.0,0.0,0.0,1.0,0.0,0.0,0.0,0.0,0.0,0.0,0.0,0.0,0.0,0.0,0.0,1.0,0.0,0.0,0.0,0.0,0.0,0.0,0.0,0.0,0.0,0.0,0.0,0.0,1.0,0.0,0.0,0.0,0.0,0.0,0.0,0.0,0.0,0.0,0.0,0.0,0.0,0.0,0.0,0.0,0.0,0.0,0.0,0.0,0.0,0.0,0.0,0.0,0.0,0.0,0.0,0.0,0.0,0.0,0.0,0.0,0.0,0.0,0.0,0.0,0.0,0.0,0.0,0.0,0.0,0.0,0.0,0.0,0.0,0.0,0.0,0.0,0.0,0.0,0.0,0.0,0.0,0.0,0.0,0.0,0.0,0.0,0.0,0.0,0.0,1.0,0.0,0.0,0.0,0.0,0.0,0.0,0.0,0.0,1.0,0.0,1.0,0.0,0.0,0.0,0.0,0.0,0.0,0.0,0.0,1.0,0.0,0.0,1.0,0.0,0.0,0.9182360787707176,0.0011472396192910275,0.0033896675241002956,0.06114531822873063,0.06550160915346992
125899,0.0,1.0,1.0,0.15789473684210525,0.002858318939152045,0.20246741573033705,0.21818181818181817,0.180695847362514,0.0908637735744551,0.677226606538895,0.826373380973649,0.8350761997405967,0.4050298735584271,0.14285714285714288,1.0,1.0,0.0,1.0,0.0,0.0,0.21052631578947367,1.0,1.0,0.30434782608695654,0.0,0.0,0.0,0.0,0.0,0.0,0.4552920838284705,0.08359464489196645,0.49281662598978493,0.0495,0.0611,0.9836,0.7756,0.0315,0.0,0.1379,0.1667,0.2083,0.009000000000000001,0.0403,0.0345,0.0,0.0,0.0504,0.0634,0.9836,0.7844,0.0318,0.0,0.1379,0.1667,0.2083,0.0092,0.0441,0.036000000000000004,0.0,0.0,0.05,0.0611,0.9836,0.7786,0.0317,0.0,0.1379,0.1667,0.2083,0.0091,0.040999999999999995,0.0351,0.0,0.0,0.0444,0.0,0.0,0.0,0.0,1.0,0.0,0.0,0.0,0.0,0.0,0.0,1.0,0.0,0.0,0.0,0.0,0.0,0.0,0.0,0.0,0.0,0.0,0.0,0.0,0.0,0.0,0.0,0.0,0.0,0.0,0.08,1.0,0.0,0.0,0.0,0.0,0.0,0.0,0.0,0.0,1.0,0.0,0.0,0.0,0.0,0.0,1.0,0.0,0.0,0.0,0.0,0.0,1.0,0.0,0.0,0.0,0.0,0.0,1.0,0.0,0.0,0.0,0.0,0.0,0.0,0.0,0.0,1.0,0.0,0.0,0.0,0.0,0.0,0.0,0.0,0.0,0.0,0.0,0.0,0.0,0.0,1.0,0.0,0.0,0.0,0.0,0.0,0.0,0.0,0.0,1.0,0.0,0.0,0.0,0.0,0.0,0.0,0.0,0.0,0.0,0.0,0.0,0.0,0.0,0.0,0.0,0.0,0.0,0.0,0.0,0.0,0.0,0.0,0.0,0.0,0.0,0.0,0.0,0.0,0.0,0.0,0.0,0.0,0.0,0.0,0.0,0.0,0.0,0.0,0.0,0.0,1.0,0.0,0.0,0.0,0.0,0.0,0.0,0.0,0.0,0.0,0.0,0.0,0.0,0.0,0.0,0.0,0.0,0.0,0.0,0.0,0.0,0.0,0.0,0.0,0.0,0.0,1.0,0.0,0.0,0.0,0.0,1.0,0.0,0.0,0.0,0.0,0.0,0.0,1.0,0.0,0.0,0.0,0.0,1.0,0.0,0.0,0.3229074094446182,0.001965548761452635,0.0017741664062312186,0.08512028741160726,0.4413874833380469
103815,1.0,0.0,0.0,0.0,0.00018465586686311998,0.13548539325842696,0.061214461214461204,0.1122334455667789,0.26861724223877703,0.21505073280721532,0.9079946404644931,0.6771643968871596,0.775184104487981,0.09890109890109891,1.0,0.0,0.0,1.0,1.0,0.0,0.05263157894736842,0.5,0.5,0.5652173913043478,0.0,0.0,0.0,0.0,0.0,0.0,0.518317717228388,0.6178196917566516,0.5971631093494882,0.0495,0.0778,0.9593,0.7552,0.0211,0.0,0.1724,0.125,0.2083,0.0404,0.0756,0.0481,0.0,0.0087,0.0504,0.0808,0.9593,0.7648,0.019,0.0,0.1724,0.125,0.2083,0.0413,0.0771,0.0501,0.0,0.0092,0.05,0.0778,0.9593,0.7585,0.0208,0.0,0.1724,0.125,0.2083,0.0411,0.0761,0.0489,0.0,0.0089,0.0425,0.0028735632183908046,0.0,0.0029069767441860465,0.0,0.6810344827586208,0.0,1.0,0.0,0.0,0.0,0.0,0.0,0.0,0.0,0.0,0.0,0.0,0.0,0.0,0.0,0.0,0.0,0.0,0.0,0.0,0.0,0.0,0.0,0.0,0.0038314176245210726,0.12,1.0,0.0,0.0,0.0,0.0,0.0,0.0,0.0,0.0,1.0,0.0,0.0,0.0,0.0,1.0,0.0,0.0,0.0,0.0,0.0,0.0,0.0,0.0,0.0,1.0,0.0,0.0,1.0,0.0,0.0,0.0,0.0,0.0,0.0,0.0,1.0,0.0,0.0,0.0,0.0,0.0,0.0,0.0,0.0,0.0,0.0,0.0,0.0,0.0,0.0,0.0,0.0,0.0,0.0,0.0,0.0,0.0,0.0,1.0,0.0,0.0,0.0,0.0,0.0,0.0,1.0,0.0,0.0,0.0,0.0,0.0,0.0,0.0,0.0,0.0,0.0,0.0,0.0,0.0,0.0,0.0,0.0,0.0,0.0,0.0,0.0,0.0,0.0,0.0,0.0,0.0,0.0,0.0,0.0,0.0,0.0,0.0,0.0,0.0,0.0,0.0,0.0,0.0,0.0,0.0,0.0,0.0,0.0,0.0,0.0,0.0,0.0,0.0,0.0,0.0,0.0,0.0,0.0,0.0,0.0,0.0,0.0,0.0,0.0,1.0,0.0,0.0,0.0,0.0,0.0,1.0,1.0,0.0,0.0,0.0,0.0,0.0,0.0,0.0,0.0,1.0,0.0,0.0,1.0,0.0,0.0,0.16291281017324333,0.0003298596033292042,0.0005336923335817487,0.19520662093813307,0.0721771385367217
118610,1.0,0.0,0.0,0.0,0.00010771592233681999,0.030737078651685387,0.03183573183573183,0.026936026936026935,0.14215292586335815,0.06803833145434046,0.9079946404644931,0.9344601167315175,0.37807419758232597,0.09890109890109891,1.0,0.0,0.0,1.0,0.0,0.0,0.0,1.0,1.0,0.5217391304347826,0.0,0.0,0.0,0.0,0.0,0.0,0.518317717228388,0.0692756340998606,0.558970181544283,0.0247,0.0763,0.9776,0.7552,0.0211,0.0,0.0345,0.0417,0.2083,0.0481,0.0756,0.0105,0.0,0.0223,0.0252,0.0746,0.9777,0.7648,0.019,0.0,0.0345,0.0417,0.2083,0.0458,0.0771,0.011000000000000001,0.0,0.0236,0.025,0.0758,0.9776,0.7585,0.0208,0.0,0.0345,0.0417,0.2083,0.0487,0.0761,0.0107,0.0,0.0227,0.0131,0.037356321839080456,0.0,0.0377906976744186,0.0,0.9974370922646785,0.0,1.0,0.0,0.0,0.0,0.0,0.0,0.0,0.0,0.0,0.0,0.0,0.0,0.0,0.0,0.0,0.0,0.0,0.0,0.0,0.0,0.0,0.0,0.0,0.0,0.0,1.0,0.0,0.0,0.0,0.0,0.0,0.0,0.0,0.0,1.0,0.0,0.0,0.0,0.0,1.0,0.0,0.0,0.0,0.0,0.0,0.0,0.0,0.0,0.0,1.0,0.0,0.0,0.0,0.0,0.0,0.0,1.0,0.0,0.0,1.0,0.0,0.0,0.0,0.0,0.0,0.0,0.0,0.0,0.0,0.0,0.0,0.0,0.0,0.0,0.0,0.0,0.0,0.0,0.0,0.0,0.0,0.0,0.0,1.0,1.0,0.0,0.0,0.0,0.0,0.0,0.0,0.0,0.0,0.0,0.0,0.0,0.0,0.0,0.0,0.0,0.0,0.0,0.0,0.0,0.0,0.0,0.0,0.0,0.0,0.0,0.0,0.0,0.0,0.0,0.0,0.0,0.0,0.0,0.0,0.0,0.0,0.0,0.0,0.0,0.0,0.0,0.0,0.0,0.0,0.0,0.0,0.0,0.0,0.0,0.0,0.0,0.0,0.0,0.0,0.0,0.0,0.0,0.0,0.0,0.0,0.0,0.0,0.0,0.0,1.0,0.0,0.0,0.0,0.0,0.0,1.0,1.0,0.0,0.0,0.0,0.0,0.0,0.0,0.0,0.0,1.0,0.0,0.0,1.0,0.0,0.0,0.16291281017324333,0.0010372498483878802,0.000908719378801356,0.13617187577651,0.35266235450001704
117487,0.0,0.0,0.0,0.0,0.001511869909941795,0.15730337078651685,0.137012987012987,0.15824915824915822,0.3928798914398072,0.4095264937993235,0.9435015631978562,0.7815337224383917,0.7981103237460052,0.09890109890109891,1.0,1.0,0.0,1.0,0.0,0.0,0.05263157894736842,0.5,0.5,0.43478260869565216,0.0,1.0,1.0,0.0,1.0,1.0,0.518317717228388,0.8072369348004587,0.3819188976134951,0.1629,0.1155,0.9856,0.8028,0.2811,0.16,0.1379,0.3333,0.375,0.1911,0.1328,0.1653,0.0039,0.0055,0.166,0.1198,0.9856,0.8105,0.2837,0.1611,0.1379,0.3333,0.375,0.1954,0.1451,0.1723,0.0039,0.0059,0.1645,0.1155,0.9856,0.8054,0.2829,0.16,0.1379,0.3333,0.375,0.1944,0.1351,0.1683,0.0039,0.0057,0.1537,0.005747126436781609,0.0,0.005813953488372093,0.0,0.8003261882572228,0.0,1.0,0.0,0.0,0.0,0.0,0.0,0.0,0.0,0.0,0.0,0.0,0.0,0.0,0.0,0.0,0.0,0.0,0.0,0.0,0.0,0.0,0.0,0.0,0.0,0.08,1.0,0.0,0.0,0.0,0.0,0.0,0.0,0.0,0.0,1.0,0.0,0.0,0.0,0.0,0.0,0.0,0.0,0.0,1.0,0.0,0.0,0.0,0.0,0.0,1.0,0.0,0.0,1.0,0.0,0.0,0.0,0.0,0.0,0.0,1.0,0.0,0.0,0.0,0.0,0.0,0.0,0.0,0.0,0.0,0.0,0.0,0.0,0.0,1.0,0.0,0.0,0.0,0.0,0.0,0.0,0.0,0.0,0.0,0.0,0.0,0.0,0.0,0.0,0.0,1.0,0.0,0.0,0.0,0.0,0.0,0.0,0.0,0.0,0.0,1.0,0.0,0.0,0.0,0.0,0.0,0.0,0.0,0.0,0.0,0.0,0.0,0.0,0.0,0.0,0.0,0.0,0.0,0.0,0.0,0.0,0.0,0.0,0.0,0.0,0.0,0.0,0.0,0.0,0.0,0.0,0.0,0.0,0.0,0.0,0.0,0.0,0.0,0.0,0.0,0.0,0.0,0.0,0.0,0.0,0.0,0.0,0.0,0.0,0.0,0.0,0.0,0.0,0.0,1.0,0.0,0.0,1.0,0.0,0.0,0.0,0.0,0.0,0.0,0.0,1.0,0.0,0.0,0.0,1.0,0.0,0.0,0.07729693171266358,0.0013856273963787041,0.002524220496670433,0.09662462961471281,0.31622088211532906
116888,1.0,1.0,0.0,0.05263157894736842,0.0017042197712575451,0.14606741573033707,0.11654966654966654,0.14702581369248033,0.6359910271677421,0.6722660653889514,0.8794662795891023,0.8675016212710766,0.9084340697512853,0.01098901098901099,1.0,1.0,1.0,1.0,1.0,0.0,0.10526315789473684,0.0,0.0,0.7391304347826086,0.0,0.0,0.0,0.0,1.0,1.0,0.9097790441905225,0.79774711745638,0.25786337744582083,0.0876,0.0763,0.9816,0.7552,0.0211,0.0,0.1379,0.1667,0.2083,0.0481,0.0756,0.0745,0.0,0.0036,0.084,0.0746,0.9816,0.7648,0.019,0.0,0.1379,0.1667,0.2083,0.0458,0.0771,0.0731,0.0,0.0011,0.0864,0.0758,0.9816,0.7585,0.0208,0.0,0.1379,0.1667,0.2083,0.0487,0.0761,0.0749,0.0,0.0031,0.0688,0.0,0.0,0.0,0.0,0.6116029822926374,0.0,0.0,0.0,0.0,0.0,0.0,0.0,0.0,0.0,0.0,0.0,0.0,0.0,0.0,0.0,0.0,0.0,0.0,0.0,0.0,0.0,0.0,0.0,0.0,0.0,0.04,0.0,1.0,0.0,0.0,0.0,0.0,0.0,0.0,1.0,0.0,0.0,0.0,1.0,0.0,0.0,0.0,0.0,0.0,0.0,0.0,0.0,1.0,0.0,0.0,0.0,0.0,0.0,1.0,0.0,0.0,0.0,0.0,0.0,0.0,1.0,0.0,0.0,0.0,0.0,0.0,0.0,0.0,0.0,0.0,0.0,0.0,0.0,0.0,0.0,0.0,0.0,0.0,0.0,0.0,1.0,0.0,0.0,0.0,0.0,0.0,0.0,1.0,0.0,0.0,0.0,0.0,0.0,0.0,0.0,0.0,1.0,0.0,0.0,0.0,0.0,0.0,0.0,0.0,0.0,0.0,0.0,0.0,0.0,0.0,0.0,0.0,0.0,0.0,0.0,0.0,0.0,0.0,0.0,0.0,0.0,0.0,0.0,0.0,0.0,0.0,0.0,0.0,0.0,0.0,0.0,0.0,0.0,0.0,0.0,0.0,0.0,0.0,0.0,0.0,0.0,0.0,0.0,0.0,0.0,0.0,0.0,0.0,0.0,0.0,0.0,0.0,0.0,0.0,0.0,0.0,1.0,0.0,0.0,0.0,1.0,0.0,0.0,0.0,0.0,0.0,0.0,0.0,1.0,0.0,0.0,1.0,0.22268339822135108,0.001660363862902068,0.0018510950308916509,0.07451781100005625,0.2728432899384548
133347,1.0,1.0,0.0,0.0,0.003243018661783545,0.20224719101123595,0.11233766233766233,0.20314253647586977,0.36143343764712393,0.5467305524239007,0.9275346136668156,0.8087305447470817,0.3443101292205085,0.07692307692307693,1.0,1.0,0.0,1.0,0.0,0.0,0.05263157894736842,0.5,0.5,0.6521739130434783,0.0,0.0,0.0,0.0,0.0,0.0,0.7572291003287481,0.7410795766882899,0.5468899339165686,0.0351,0.0763,0.9757,0.7552,0.0211,0.0,0.069,0.1667,0.2083,0.0481,0.0756,0.0281,0.0,0.0166,0.0357,0.0746,0.9757,0.7648,0.019,0.0,0.069,0.1667,0.2083,0.0458,0.0771,0.0293,0.0,0.0175,0.0354,0.0758,0.9757,0.7585,0.0208,0.0,0.069,0.1667,0.2083,0.0487,0.0761,0.0286,0.0,0.0169,0.0257,0.014367816091954023,0.0,0.014534883720930232,0.0,0.5899347623485555,0.0,1.0,0.0,0.0,0.0,0.0,0.0,0.0,0.0,0.0,0.0,0.0,0.0,0.0,0.0,0.0,0.0,0.0,0.0,0.0,0.0,0.0,0.0,0.07407407407407407,0.007662835249042145,0.08,1.0,0.0,0.0,0.0,0.0,0.0,0.0,0.0,0.0,1.0,0.0,0.0,0.0,0.0,0.0,0.0,0.0,0.0,1.0,0.0,0.0,1.0,0.0,0.0,0.0,0.0,0.0,1.0,0.0,0.0,0.0,0.0,0.0,0.0,1.0,0.0,0.0,0.0,0.0,0.0,0.0,0.0,0.0,0.0,0.0,0.0,0.0,0.0,0.0,0.0,1.0,0.0,0.0,0.0,0.0,0.0,0.0,0.0,0.0,1.0,0.0,0.0,0.0,0.0,0.0,0.0,0.0,0.0,0.0,0.0,0.0,0.0,0.0,0.0,0.0,0.0,0.0,0.0,0.0,0.0,0.0,0.0,0.0,0.0,0.0,0.0,0.0,0.0,0.0,0.0,0.0,0.0,0.0,0.0,0.0,0.0,0.0,0.0,0.0,0.0,1.0,0.0,0.0,0.0,0.0,0.0,0.0,0.0,0.0,0.0,0.0,0.0,0.0,0.0,0.0,0.0,0.0,0.0,0.0,0.0,0.0,0.0,0.0,0.0,0.0,0.0,0.0,0.0,0.0,0.0,1.0,1.0,0.0,0.0,0.0,0.0,0.0,0.0,0.0,0.0,1.0,0.0,0.0,1.0,0.0,0.0,0.11468009014234863,0.0022206816564694547,0.0051205615789600215,0.03992407554732465,0.13195352871911437
116381,1.0,0.0,1.0,0.10526315789473684,0.000934820325994545,0.19180898876404492,0.16318006318006317,0.16498316498316495,0.6359910271677421,0.561781285231116,0.86997543546226,0.9017509727626459,0.29192719188550775,0.09890109890109891,1.0,1.0,0.0,1.0,0.0,0.0,0.15789473684210525,0.0,0.0,0.6956521739130435,0.0,0.0,0.0,0.0,1.0,1.0,0.830435976547847,0.848956388307201,0.8343393694405835,0.0876,0.0763,0.9816,0.7552,0.0211,0.0,0.1379,0.1667,0.2083,0.0481,0.0756,0.0745,0.0,0.0036,0.084,0.0746,0.9816,0.7648,0.019,0.0,0.1379,0.1667,0.2083,0.0458,0.0771,0.0731,0.0,0.0011,0.0864,0.0758,0.9816,0.7585,0.0208,0.0,0.1379,0.1667,0.2083,0.0487,0.0761,0.0749,0.0,0.0031,0.0688,0.0,0.0,0.0,0.0,0.7965983224603914,0.0,1.0,0.0,0.0,0.0,0.0,0.0,0.0,0.0,0.0,0.0,0.0,0.0,0.0,0.0,0.0,0.0,0.0,0.0,0.0,0.0,0.0,0.0,0.0,0.0,0.04,1.0,0.0,0.0,0.0,0.0,0.0,0.0,0.0,0.0,1.0,0.0,0.0,0.0,0.0,0.0,0.0,0.0,0.0,1.0,0.0,0.0,1.0,0.0,0.0,0.0,0.0,0.0,1.0,0.0,0.0,0.0,0.0,0.0,0.0,0.0,1.0,0.0,0.0,0.0,0.0,0.0,0.0,0.0,0.0,0.0,0.0,0.0,0.0,0.0,0.0,1.0,0.0,0.0,0.0,0.0,0.0,0.0,0.0,0.0,0.0,0.0,0.0,0.0,0.0,0.0,1.0,0.0,0.0,0.0,0.0,0.0,0.0,0.0,0.0,0.0,0.0,0.0,0.0,0.0,0.0,0.0,0.0,0.0,0.0,0.0,0.0,0.0,0.0,0.0,0.0,0.0,0.0,0.0,0.0,0.0,0.0,0.0,0.0,0.0,0.0,0.0,0.0,0.0,0.0,0.0,0.0,1.0,0.0,0.0,0.0,0.0,0.0,0.0,0.0,0.0,0.0,0.0,0.0,0.0,0.0,0.0,0.0,0.0,0.0,0.0,0.0,0.0,0.0,0.0,0.0,1.0,0.0,0.0,0.0,1.0,0.0,0.0,0.0,0.0,0.0,0.0,0.0,1.0,0.0,0.0,1.0,0.20936996151765955,0.0007414273182492226,0.0007933264418107075,0.17149281837962288,0.30644345557381325
130857,1.0,1.0,0.0,0.0,0.0017042197712575451,0.14606741573033707,0.11654966654966654,0.14702581369248033,0.42979589576005983,0.3197857948139795,0.9079946404644931,0.8355220492866408,0.5866333194386549,0.03296703296703297,1.0,0.0,0.0,1.0,0.0,0.0,0.05263157894736842,0.5,0.5,0.3913043478260869,0.0,0.0,0.0,0.0,0.0,0.0,0.518317717228388,0.6624773827628851,0.6231048589662808,0.0845,0.053,0.9737,0.6396,0.0078,0.0,0.1379,0.1667,0.2083,0.1454,0.0672,0.0644,0.0077,0.0246,0.0861,0.055,0.9737,0.6537,0.0079,0.0,0.1379,0.1667,0.2083,0.1487,0.0735,0.0671,0.0078,0.026000000000000002,0.0854,0.053,0.9737,0.6444,0.0079,0.0,0.1379,0.1667,0.2083,0.1479,0.0684,0.0655,0.0078,0.0251,0.0603,0.0,0.0,0.0,0.0,0.788210624417521,0.0,0.0,0.0,0.0,0.0,0.0,0.0,0.0,0.0,0.0,0.0,0.0,0.0,0.0,0.0,0.0,0.0,0.0,0.0,0.0,0.0,0.0,0.0,0.0,0.0,0.16,0.0,1.0,0.0,0.0,0.0,0.0,0.0,0.0,0.0,1.0,0.0,0.0,0.0,0.0,1.0,0.0,0.0,0.0,0.0,0.0,0.0,1.0,0.0,0.0,0.0,0.0,1.0,0.0,0.0,0.0,0.0,0.0,0.0,0.0,1.0,0.0,0.0,0.0,0.0,0.0,0.0,0.0,0.0,0.0,0.0,0.0,0.0,0.0,0.0,0.0,0.0,0.0,0.0,0.0,0.0,0.0,0.0,0.0,1.0,0.0,0.0,0.0,0.0,0.0,0.0,1.0,0.0,0.0,0.0,0.0,0.0,0.0,0.0,0.0,0.0,0.0,0.0,0.0,0.0,0.0,0.0,0.0,0.0,0.0,0.0,0.0,0.0,0.0,0.0,0.0,0.0,0.0,0.0,0.0,0.0,0.0,0.0,0.0,0.0,0.0,0.0,0.0,0.0,0.0,0.0,0.0,0.0,0.0,0.0,0.0,0.0,0.0,0.0,0.0,0.0,0.0,0.0,0.0,0.0,0.0,0.0,0.0,0.0,0.0,1.0,0.0,0.0,0.0,1.0,0.0,0.0,1.0,0.0,0.0,0.0,1.0,0.0,0.0,0.0,0.0,0.0,0.0,0.0,1.0,0.0,0.0,0.16291281017324333,0.001660363862902068,0.0028127028391470538,0.07451781100005625,0.2728432899384548
117490,1.0,1.0,0.0,0.10526315789473684,0.0007424704646787951,0.06629213483146067,0.08032643032643033,0.06734006734006734,0.3928798914398072,0.5809470124013527,0.5666592228673515,0.7895995460440985,0.393775184104488,0.01098901098901099,1.0,1.0,0.0,1.0,0.0,0.0,0.15789473684210525,0.5,0.5,0.4782608695652174,0.0,0.0,0.0,0.0,0.0,0.0,0.518317717228388,0.5276454057759247,0.48488506265889414,0.0959,0.1125,0.9871,0.8232,0.0898,0.0,0.1897,0.1667,0.2083,0.0243,0.0782,0.0529,0.0,0.0,0.0945,0.1086,0.9861,0.8171,0.0845,0.0,0.1724,0.1667,0.2083,0.0092,0.0826,0.05,0.0,0.0,0.0968,0.1125,0.9871,0.8256,0.0903,0.0,0.1897,0.1667,0.2083,0.0248,0.0795,0.0538,0.0,0.0,0.0765,0.0,0.0,0.0,0.0,1.0,0.0,1.0,0.0,0.0,0.0,0.0,0.0,0.0,0.0,0.0,0.0,0.0,0.0,0.0,0.0,0.0,0.0,0.0,0.0,0.0,0.0,0.0,0.0,0.037037037037037035,0.0,0.0,1.0,0.0,0.0,0.0,0.0,0.0,0.0,0.0,0.0,1.0,0.0,0.0,0.0,0.0,0.0,0.0,0.0,0.0,1.0,0.0,0.0,1.0,0.0,0.0,0.0,0.0,0.0,1.0,0.0,0.0,0.0,0.0,0.0,0.0,1.0,0.0,0.0,0.0,0.0,0.0,0.0,0.0,0.0,0.0,0.0,0.0,0.0,0.0,0.0,0.0,0.0,1.0,0.0,0.0,0.0,0.0,0.0,0.0,0.0,0.0,0.0,1.0,0.0,0.0,0.0,0.0,0.0,0.0,0.0,0.0,0.0,0.0,0.0,0.0,0.0,0.0,0.0,0.0,0.0,0.0,0.0,0.0,0.0,0.0,0.0,0.0,0.0,0.0,0.0,0.0,0.0,0.0,0.0,0.0,0.0,0.0,0.0,1.0,0.0,0.0,0.0,0.0,0.0,0.0,0.0,0.0,0.0,0.0,0.0,0.0,0.0,0.0,0.0,0.0,0.0,0.0,0.0,0.0,0.0,0.0,0.0,0.0,0.0,0.0,0.0,0.0,0.0,0.0,1.0,0.0,0.0,1.0,0.0,0.0,0.0,0.0,0.0,0.0,0.0,1.0,0.0,0.0,0.0,1.0,0.0,0.0,0.7136779655289889,0.0016852494124059958,0.000649085270572397,0.10514037517752907,0.483246416896397
